{
  "metrics/precision(B)": 0.33885451730630317,
  "metrics/recall(B)": 0.376077431965636,
  "metrics/mAP50(B)": 0.27447780274110717,
  "metrics/mAP50-95(B)": 0.19666702677377398,
  "fitness": 0.19666702677377398
}